<?xml version="1.0" encoding="UTF-8"?>
<model xmlns="http://www.alfresco.org/model/dictionary/1.0" name="bc:Blockchain">
    <author>Administrator</author>
    <imports>
        <import uri="http://www.alfresco.org/model/dictionary/1.0" prefix="d"/>
    </imports>
    <namespaces>
        <namespace uri="http://alfresco.sphereon.com/model/blockchain/1.0" prefix="bc"/>
    </namespaces>
    <data-types/>
    <constraints/>
    <types/>
    <aspects>
        <aspect name="bc:BlockchainRegistrationState">
            <title>Blockchain Registration State</title>
            <properties>
                <property name="bc:LastVerificationTime">
                    <title>Last Verification Time</title>
                    <type>d:datetime</type>
                    <mandatory>false</mandatory>
                    <index enabled="true">
                        <tokenised>TRUE</tokenised>
                    </index>
                </property>
                <property name="bc:RegistrationState">
                    <title>Registration State</title>
                    <type>d:text</type>
                    <mandatory>true</mandatory>
                    <default>NOT_REGISTERED</default>
                    <index enabled="true">
                        <tokenised>FALSE</tokenised>
                        <facetable>true</facetable>
                    </index>
                    <constraints>
                        <constraint name="bc:LIST_ebcb0d8e-a984-41c4-8c96-779e3ed37857" type="LIST">
                            <parameter name="allowedValues">
                                <list>
                                    <value>NOT_REGISTERED</value>
                                    <value>REGISTERED</value>
                                    <value>PENDING_VERIFICATION</value>
                                    <value>VERIFICATION_FAILED</value>
                                    <value>PENDING_REGISTRATION</value>
                                </list>
                            </parameter>
                            <parameter name="caseSensitive">
                                <value>true</value>
                            </parameter>
                            <parameter name="sorted">
                                <value>false</value>
                            </parameter>
                        </constraint>
                    </constraints>
                </property>
                <property name="bc:StateIcon">
                    <title>Registration State</title>
                    <type>d:text</type>
                    <mandatory>false</mandatory>
                    <index enabled="true">
                        <tokenised>TRUE</tokenised>
                        <facetable>false</facetable>
                    </index>
                </property>
                <property name="bc:RegistrationTime">
                    <title>Registration Time</title>
                    <type>d:datetime</type>
                    <mandatory>false</mandatory>
                    <index enabled="true">
                        <tokenised>TRUE</tokenised>
                    </index>
                </property>
                <property name="bc:ExternalLinks">
                    <title>External links</title>
                    <type>d:text</type>
                    <mandatory>false</mandatory>
                    <multiple>true</multiple>
                    <index enabled="false">
                        <tokenised>TRUE</tokenised>
                    </index>
                </property>
            </properties>
            <associations/>
            <overrides/>
            <mandatory-aspects/>
        </aspect>
    </aspects>
</model>
