<?xml version="1.0" encoding="UTF-8"?><module>
   <id>CMM_Blockchain</id>
   <auto-deploy>true</auto-deploy>
   <configurations>
      
      <!-- Document Library config section -->
      <config condition="DocumentLibrary" evaluator="string-compare" replace="false">
         <aspects>
            <visible>
               <aspect label="Blockchain Registration State" name="bc:BlockchainRegistrationState"/>
            </visible>
         </aspects>
      </config>

      <!-- Form configuration section - type -->
      
      <!-- Form configuration section - aspect -->
      <config condition="bc:BlockchainRegistrationState" evaluator="aspect">
         <forms>
            <form>
               <field-visibility>
                  <show id="bc:RegistrationState"/>
                  <show id="bc:RegistrationTime"/>
                  <show id="bc:LastVerificationTime"/>
                  <show id="bc:StateIcon"/>
                  <show id="bc:ExternalLinks"/>
               </field-visibility>
               <appearance>
                  <set appearance="bordered-panel" id="bc:BlockchainRegistrationState_cmm_set0" label-id="Blockchain"/>
                  <field id="bc:RegistrationState" set="bc:BlockchainRegistrationState_cmm_set0">
                  </field>
                  <field id="bc:ExternalLinks" set="bc:BlockchainRegistrationState_cmm_set0">
                  </field>
                  <field id="bc:RegistrationTime" set="bc:BlockchainRegistrationState_cmm_set0">
                  </field>
                  <field id="bc:LastVerificationTime" set="bc:BlockchainRegistrationState_cmm_set0">
                  </field>
                  <field id="bc:StateIcon" set="bc:BlockchainRegistrationState_cmm_set0">
                  </field>
               </appearance>
            </form>
         </forms>
      </config>
      
      <!-- Entity form designer configuration -->
      <config condition="FormDefinition" evaluator="string-compare">
         <form-definition id="BlockchainRegistrationState">[{"elementconfig":{"label":"Blockchain","appearance":"bordered-panel"},"pseudonym":"cmm/editor/layout/1cols","label":"cmm.form-editor.palette.one-column","column":[{"pseudonym":"cmm/editor/property/text","id":"bc:RegistrationState","elementconfig":{"infoname":"RegistrationState","infolabel":"Registration State","infotype":"d:text"},"label":"Registration State [RegistrationState]","type":["property"]},{"pseudonym":"cmm/editor/property/datetime","id":"bc:RegistrationTime","elementconfig":{"infoname":"RegistrationTime","infolabel":"Registration Time","infotype":"d:datetime"},"label":"Registration Time [RegistrationTime]","type":["property"]},{"pseudonym":"cmm/editor/property/datetime","id":"bc:LastVerificationTime","elementconfig":{"infoname":"LastVerificationTime","infolabel":"Last Verification Time","infotype":"d:datetime"},"label":"Last Verification Time [LastVerificationTime]","type":["property"]},{"pseudonym":"cmm/editor/property/text","id":"bc:StateIcon","elementconfig":{"infoname":"StateIcon","infolabel":"Registration State","infotype":"d:text"},"label":"Registration State [StateIcon]","type":["property"]},{"pseudonym":"cmm/editor/property/text","id":"bc:ExternalLinks","elementconfig":{"infoname":"ExternalLinks","infolabel":"External links","infotype":"d:text"},"label":"External links [ExternalLinks]","type":["property"]}],"type":"{type}","alfValidForm":true,"wrapperSettings":{"type":"one"}}]</form-definition>
      </config>

   </configurations>
</module>
